{
  "land_variables": {
    "NDVI": {
      "mean": 0.5399930995261804,
      "std": 0.16711999826287796,
      "min": 0.2039794921875,
      "max": 0.919921875,
      "count_valid": 740805975.0
    },
    "Land": {
      "mean": 44966.45460760363,
      "std": 12526.586319163387,
      "min": 470.0,
      "max": 62688.0,
      "count_valid": 80564900.0
    }
  },
  "single_variables": {
    "lsm": {
      "mean": 0.4544139341688565,
      "std": 0.4686076218751165,
      "min": 0.0,
      "max": 1.0,
      "count_valid": 2606918040.0
    }
  },
  "forest_variables": {
    "Forest": {
      "mean": 33.82932721103912,
      "std": 14.471217605166485,
      "min": 0.05731201171875,
      "max": 73.75,
      "count_valid": 1406133549.0
    }
  },
  "species_extinction_variables": {
    "ExtinctionValue": {
      "mean": 0.9292525599980853,
      "std": 0.038830634191614054,
      "min": 0.83984375,
      "max": 0.990234375,
      "count_valid": 1407734680.0
    }
  },
  "surface_variables": {
    "msl": {
      "mean": 101345.68213646901,
      "std": 1130.6146140140438,
      "min": 92025.6875,
      "max": 106535.125,
      "count_valid": 2606918040.0
    },
    "t2m": {
      "mean": 282.6675020360628,
      "std": 9.33614058009717,
      "min": 225.7527313232422,
      "max": 325.173583984375,
      "count_valid": 2606918040.0
    }
  },
  "species_variables": {
    "dynamic": {
      "Distribution": {
        "mean": [
          8.538461538461538,
          77.14785281817119,
          229.74943868229897,
          6.942162475585937,
          120.02514712730151,
          671.0094922526499,
          153.56533462195085,
          11445.6609375,
          3496.9915352957596,
          355.73958333333354,
          68.27777777777779,
          4.6,
          105.48803079128263,
          296.05147564997446,
          5.9781012901893025,
          119.48956293602512,
          130.09285957225865,
          156.6113467910915,
          3912.3237847222226,
          4533.043714735243,
          336.7976190476191,
          68.27777777777777
        ],
        "std": [
          4.651143525486454,
          78.89298460142352,
          221.5534892638549,
          4.913077417308417,
          80.82258119602453,
          5145.418665777721,
          102.32295394118385,
          19488.071183220552,
          14129.055585698721,
          546.8492373892094,
          144.157246534453,
          2.33238075793812,
          81.96482381690846,
          222.39331418687757,
          3.097738977990533,
          88.23480125239658,
          116.92628069665376,
          93.31691203175811,
          14435.304378535677,
          15940.005052906345,
          520.6138954057691,
          144.157246534453
        ],
        "min": [
          1.0,
          0.006999969482421875,
          0.01000213623046875,
          0.0200042724609375,
          0.0,
          0.035003662109375,
          0.0281982421875,
          30.078125,
          0.160888671875,
          0.0,
          9.0,
          1.0,
          0.006999969482421875,
          0.029998779296875,
          0.0200042724609375,
          0.0,
          0.035003662109375,
          0.04010009765625,
          30.078125,
          0.1800537109375,
          2.0,
          9.0
        ],
        "max": [
          15.0,
          327.5,
          751.0,
          15.0,
          310.0,
          48928.0,
          441.0,
          63424.0,
          64096.0,
          2000.0,
          500.0,
          7.0,
          327.5,
          751.0,
          9.5390625,
          310.0,
          482.25,
          441.0,
          63424.0,
          64096.0,
          2000.0,
          500.0
        ],
        "count_valid": [
          13.0,
          48.0,
          89.0,
          25.0,
          89.0,
          356.0,
          139.0,
          30.0,
          35.0,
          96.0,
          18.0,
          5.0,
          32.0,
          61.0,
          13.0,
          73.0,
          276.0,
          103.0,
          18.0,
          27.0,
          84.0,
          18.0
        ]
      }
    }
  },
  "agriculture_variables": {
    "ArableLand": {
      "mean": 19.560085592669758,
      "std": 15.989500553326648,
      "min": 0.045806884765625,
      "max": 62.46875,
      "count_valid": 1406133549.0
    },
    "Cropland": {
      "mean": 2.871098575515956,
      "std": 3.6692649134597684,
      "min": 0.00640106201171875,
      "max": 10.0234375,
      "count_valid": 1376415998.0
    },
    "AgricultureLand": {
      "mean": 35.47378709169656,
      "std": 24.285753575864913,
      "min": 2.693359375,
      "max": 80.875,
      "count_valid": 1406133549.0
    },
    "AgricultureIrrLand": {
      "mean": 6.528068153236531,
      "std": 6.296714679328599,
      "min": 0.0027008056640625,
      "max": 20.65625,
      "count_valid": 642739699.0
    }
  },
  "atmospheric_variables": {
    "z": {
      "mean": [
        127783.96009245986,
        101081.54194891045,
        27788.31689951115
      ],
      "std": [
        73363.1670143388,
        100038.9501727458,
        26748.93274344066
      ],
      "min": [
        45727.01171875,
        -6724.64453125,
        -6724.64453125
      ],
      "max": [
        208361.1875,
        208361.1875,
        58964.46484375
      ],
      "count_valid": [
        2606918040.0,
        2606918040.0,
        2606918040.0
      ]
    },
    "t": {
      "mean": [
        233.17880070509938,
        248.7949864550811,
        267.62633296316517
      ],
      "std": [
        20.28811521858055,
        35.41571822985531,
        17.80014317840024
      ],
      "min": [
        183.3156280517578,
        183.3156280517578,
        219.57960510253906
      ],
      "max": [
        277.34674072265625,
        324.061767578125,
        324.061767578125
      ],
      "count_valid": [
        2606918040.0,
        2606918040.0,
        2606918040.0
      ]
    }
  }
}
